astuces-demenagement-pas-cher-nice,nice,autre
astuces-reduire-cout-demenagement-montpellier,montpellier,prix
astuces-reduire-cout-demenagement-nantes,nantes,prix
avis-demenageurs-nice-guide,nice,guide
budget-demenagement-marseille-estimation-2025,marseille,autre
budget-demenagement-rennes-complet,rennes,autre
calculer-prix-demenagement-nice,nice,prix
checklist-demenagement-rennes,rennes,guide
comment-choisir-demenageur-marseille,marseille,annuaire
comparaison-prix-demenageurs-lyon,lyon,prix
conseils-emballage-demenagement-rennes,rennes,guide
cout-demenagement-studio-marseille-prix-2025,marseille,prix
cout-demenagement-t3-montpellier-2025,montpellier,prix
cout-reel-demenagement-nice,nice,prix
demenagement-1-piece-marseille-guide-complet,marseille,guide
demenagement-10m3-marseille-budget-organisation,marseille,autre
demenagement-bordeaux-lyon-prix,lyon,prix
demenagement-bureaux-strasbourg-prix-2025,strasbourg,prix
demenagement-cle-en-main-montpellier-prix,montpellier,prix
demenagement-dimanche-lille-surcout,lille,prix
demenagement-dimanche-marseille-surcout,marseille,prix
demenagement-economique-marseille-10-astuces,marseille,autre
demenagement-entreprise-bordeaux-guide,bordeaux,guide
demenagement-entreprise-lille-guide,lille,guide
demenagement-entreprise-lyon-guide-complet,lyon,guide
demenagement-entreprise-nantes-guide,nantes,guide
demenagement-entreprise-nice-guide,nice,guide
demenagement-entreprise-rennes-prix,rennes,prix
demenagement-entreprise-rouen-guide-complet,rouen,guide
demenagement-etudiant-bordeaux-guide-complet,bordeaux,guide
demenagement-etudiant-nantes-astuces,nantes,autre
demenagement-etudiant-petit-budget-montpellier,montpellier,autre
demenagement-groupe-montpellier-prix,montpellier,prix
demenagement-international-bordeaux-guide,bordeaux,guide
demenagement-international-lille-guide,lille,guide
demenagement-international-lyon-guide-complet,lyon,guide
demenagement-international-nantes-guide,nantes,guide
demenagement-international-nice-guide,nice,guide
demenagement-international-rouen-guide-complet,rouen,guide
demenagement-international-strasbourg-prix-2025,strasbourg,prix
demenagement-longue-distance-bordeaux-guide,bordeaux,guide
demenagement-lyon-pas-cher-guide-complet,lyon,guide
demenagement-m3-calcul-tarif-lille,lille,prix
demenagement-maison-nice-prix,nice,prix
demenagement-pas-cher-bordeaux-guide,bordeaux,guide
demenagement-pas-cher-lille-guide,lille,guide
demenagement-pas-cher-lille-top-10-astuces,lille,autre
demenagement-pas-cher-nantes-guide,nantes,guide
demenagement-pas-cher-nice-guide,nice,guide
demenagement-petit-budget-nice,nice,autre
demenagement-petit-volume-lyon-guide-complet,lyon,guide
demenagement-prix-toulouse,toulouse,prix
demenagement-studio-nantes-prix,nantes,prix
demenagement-studio-nice-prix,nice,prix
demenagement-t1-nantes-prix,nantes,prix
demenagement-urgent-bordeaux-guide,bordeaux,guide
demenagement-urgent-prix-bordeaux,bordeaux,prix
demenagement-weekend-rennes-prix,rennes,prix
demenager-pas-cher-bordeaux-astuces,bordeaux,autre
demenager-seul-nice-guide,nice,guide
demenager-soi-meme-marseille-budget-diy,marseille,autre
demenager-soi-meme-rennes-guide,rennes,guide
demenageur-lyon-guide-complet,lyon,guide
demenageur-nantes-guide-complet,nantes,guide
demenageur-nice-guide-complet,nice,guide
demenageur-rennes-prix,rennes,prix
demenageur-rouen-guide-complet,rouen,guide
demenageur-rouen-pas-cher-guide,rouen,guide
devis-demenagement-bordeaux-guide,bordeaux,guide
diy-demenagement-lille-budget-mini,lille,autre
economiser-prix-demenagement-lille-astuces,lille,prix
economiser-prix-demenagement-lyon,lyon,prix
erreurs-estimation-prix-demenagement-bordeaux,bordeaux,prix
estimation-budget-demenagement-montpellier-complet,montpellier,autre
estimation-prix-demenagement-bordeaux,bordeaux,prix
estimation-prix-demenagement-bordeaux-methode-simple,bordeaux,prix
eviter-surcouts-demenagement-montpellier,montpellier,prix
facteurs-prix-demenagement-lille,lille,prix
facteurs-prix-demenagement-lyon,lyon,prix
facteurs-prix-demenagement-montpellier,montpellier,prix
facteurs-prix-demenagement-nice,nice,prix
facteurs-prix-demenagement-rennes,rennes,prix
faq-prix-demenagement-lyon,lyon,prix
groupage-demenagement-lille-partage-couts,lille,prix
leclerc-location-marseille-meilleurs-prix,marseille,prix
monte-meuble-demenagement-rouen-prix,rouen,prix
negocier-prix-demenageur-rennes,rennes,prix
petit-demenagement-lille-guide,lille,guide
petit-demenagement-nantes-guide,nantes,guide
petit-demenagement-nice-guide,nice,guide
petit-demenagement-rouen-guide-complet,rouen,guide
petit-demenagement-strasbourg-prix-2025,strasbourg,prix
pilier-09-prix-demenagement-10-satellites,autre,prix
prix-moyen-demenagement-bordeaux-2025,bordeaux,prix
prix-petit-demenagement-bordeaux,bordeaux,prix
prix-petit-demenagement-lyon,lyon,prix
prix-petit-demenagement-marseille-studio-f1,marseille,prix
prix-petit-demenagement-montpellier,montpellier,prix
prix-petit-demenagement-rennes,rennes,prix
self-stockage-bordeaux-mode-emploi-prix,bordeaux,prix
shurgard-lyon-sites-tarifs,lyon,prix
stockage-longue-duree-bordeaux-prix-precautions,bordeaux,prix
surcout-demenagement-centre-marseille-combien,marseille,prix
surcout-demenagement-montpellier-ecusson-aout,montpellier,prix
surcouts-caches-demenagement-lille,lille,prix
t1-demenagement-strasbourg-budget,strasbourg,autre
tarif-demenagement-studio-montpellier-2025,montpellier,prix
tarif-demenagement-t3-marseille-budget-realiste,marseille,prix
tarif-horaire-demenageur-rennes,rennes,prix
tarif-horaire-porteur-demenagement-nantes,nantes,prix
tarifs-box-stockage-rennes-taille-duree,rennes,prix
tarifs-demenageur-lyon,lyon,prix
tarifs-demenageur-toulouse,toulouse,prix
tarifs-petit-demenagement-volume-lille,lille,prix
transparence-prix-demenagement-lyon,lyon,prix
urgence-week-end-bordeaux-disponibilites-couts,bordeaux,prix
