slug,city,type
abc-demenagements-lemarie-rennes,rennes,autre
accordeur-apres-demenagement-strasbourg,strasbourg,autre
amenagement-nouveaux-bureaux-lyon,lyon,autre
amenagement-nouveaux-locaux-entreprise,autre,annuaire
archives-entreprise-demenagement-lyon,lyon,annuaire
articles-pilier-06-batch,autre,autre
assurance-demenagement-international-bordeaux,bordeaux,autre
assurance-demenagement-international-lille,lille,autre
assurance-demenagement-international-nantes,nantes,autre
assurance-demenagement-international-rennes,rennes,autre
assurance-demenagement-international-toulouse,toulouse,autre
assurance-demenagement-longue-distance-bordeaux,bordeaux,autre
assurance-demenagement-professionnel-strasbourg,strasbourg,autre
assurance-demenagement-rennes-couverture,rennes,autre
assurance-demenagement-urgent-bordeaux,bordeaux,autre
assurance-demenageur-lille-couverture,lille,annuaire
assurance-demenageur-marseille-garanties,marseille,annuaire
assurance-demenageur-montpellier-couverture,montpellier,annuaire
assurance-demenageur-nice,nice,annuaire
assurance-demenageur-strasbourg,strasbourg,annuaire
assurance-devis-demenagement-bordeaux,bordeaux,autre
assurance-garde-meuble-bordeaux-couverture-limites,bordeaux,autre
assurance-garde-meuble-lille-obligatoire,lille,autre
assurance-garde-meuble-nantes,nantes,autre
assurance-garde-meuble-obligatoire,autre,autre
assurance-garde-meuble-rennes,rennes,autre
assurance-garde-meuble-rouen-obligatoire,rouen,autre
assurance-garde-meuble-strasbourg,strasbourg,autre
assurances-aide-demenagement-particuliers-nantes,nantes,autre
astuces-demenagement-pas-cher-nice,nice,autre
astuces-reduire-cout-demenagement-montpellier,montpellier,prix
astuces-reduire-cout-demenagement-nantes,nantes,prix
autorisation-stationnement-strasbourg,strasbourg,autre
avis-demenageurs-lyon,lyon,annuaire
avis-demenageurs-montpellier-google,montpellier,annuaire
avis-demenageurs-nice-guide,nice,guide
avis-demenageurs-rennes,rennes,annuaire
basse-saison-demenagement-nantes,nantes,autre
budget-demenagement-marseille-estimation-2025,marseille,autre
budget-demenagement-rennes-complet,rennes,autre
calcul-volume-demenagement-lyon,lyon,autre
calculer-prix-demenagement-nice,nice,prix
calendrier-demenagement-longue-distance-bordeaux,bordeaux,autre
camion-demenagement-aller-simple-strasbourg,strasbourg,autre
camion-demenagement-etudiant-bordeaux,bordeaux,autre
camion-demenagement-permis-be-nice,nice,autre
camionnette-chauffeur-lyon,lyon,autre
cartons-demenagement-gratuits-lyon,lyon,autre
cartons-demenagement-gratuits-montpellier,montpellier,autre
cartons-gratuits-bordeaux,bordeaux,autre
cartons-gratuits-bordeaux-demenagement,bordeaux,autre
cartons-gratuits-demenagement-marseille-ou-trouver,marseille,autre
cartons-gratuits-lille-recuperer,lille,autre
cartons-gratuits-nantes-demenagement,nantes,autre
cartons-gratuits-nice-ou-trouver,nice,autre
cartons-gratuits-rennes,rennes,autre
cartons-pas-chers-demenagement-pas-cher-toulouse,toulouse,autre
cartons-petit-demenagement-marseille-combien,marseille,autre
checklist-demenagement-rennes,rennes,guide
choisir-demenageur-fiable-lyon-criteres,lyon,annuaire
choisir-demenageur-fiable-pas-cher-lyon,lyon,annuaire
choisir-demenageur-international-lyon,lyon,annuaire
choisir-demenageur-international-montpellier,montpellier,annuaire
choisir-demenageur-lille-10-criteres,lille,annuaire
choisir-demenageur-nice-criteres,nice,annuaire
choisir-demenageur-rennes-criteres,rennes,annuaire
choisir-demenageur-strasbourg,strasbourg,annuaire
combien-donner-aide-demenagement,autre,autre
comment-choisir-demenageur-marseille,marseille,annuaire
communication-interne-demenagement-entreprise-bordeaux,bordeaux,annuaire
communication-interne-demenagement-entreprise-lyon,lyon,annuaire
comparaison-prix-demenageurs-lyon,lyon,prix
conseils-emballage-demenagement-rennes,rennes,guide
conteneur-demenagement-international-montpellier,montpellier,autre
conteneur-maritime-demenagement-rennes,rennes,autre
contenu-obligatoire-devis-demenagement-bordeaux,bordeaux,autre
continuite-activite-pendant-demenagement-entreprise,autre,annuaire
cout-demenagement-studio-marseille-prix-2025,marseille,prix
cout-demenagement-t3-montpellier-2025,montpellier,prix
cout-reel-demenagement-nice,nice,prix
delai-demenagement-international-nice,nice,autre
delai-reception-devis-demenagement-bordeaux,bordeaux,autre
delais-demenagement-international,autre,autre
delais-demenagement-international-bordeaux,bordeaux,autre
delais-demenagement-international-lille,lille,autre
delais-demenagement-international-lyon,lyon,autre
delais-demenagement-international-nantes,nantes,autre
delais-demenagement-international-rennes,rennes,autre
dem%c3%a9nageur-specialise-piano-rennes,rennes,autre
demenagement-%c3%a9clair-24h-toulouse,toulouse,autre
demenagement-%c3%a9clair-toulouse,toulouse,autre
demenagement-1-piece-marseille-guide-complet,marseille,guide
demenagement-10m3-marseille-budget-organisation,marseille,autre
demenagement-amis-remuneration-lyon,lyon,autre
demenagement-appartement-rennes,rennes,autre
demenagement-apres-divorce-separation-nice,nice,autre
demenagement-aquarium-poissons-nice,nice,autre
demenagement-archives-documents-entreprise,autre,annuaire
demenagement-archives-entreprise-lille,lille,annuaire
demenagement-archives-entreprise-nice,nice,annuaire
demenagement-archives-entreprise-strasbourg,strasbourg,annuaire
demenagement-ascenseur-toulouse,toulouse,autre
demenagement-assurance-toulouse,toulouse,autre
demenagement-avec-aide-vs-sans-aide-lyon,lyon,autre
demenagement-avec-aide-vs-seul-lille,lille,autre
demenagement-avec-animaux-nice,nice,autre
demenagement-avec-enfants-nice,nice,autre
demenagement-avion-toulouse,toulouse,autre
demenagement-avis-toulouse,toulouse,autre
demenagement-basse-saison-economie-lille,lille,autre
demenagement-basse-saison-marseille-economies,marseille,autre
demenagement-bateau-toulouse,toulouse,autre
demenagement-bordeaux-lyon-prix,lyon,prix
demenagement-brequigny-rennes,rennes,autre
demenagement-bureau-toulouse,toulouse,autre
demenagement-bureaux-entreprise-nice,nice,annuaire
demenagement-bureaux-nuit-lille,lille,autre
demenagement-bureaux-strasbourg-prix-2025,strasbourg,prix
demenagement-bureaux-weekend-lille,lille,autre
demenagement-bureaux-weekend-montpellier,montpellier,autre
demenagement-bureaux-weekend-rennes,rennes,autre
demenagement-bus-toulouse,toulouse,autre
demenagement-cabinet-medical-nice,nice,autre
demenagement-camion-toulouse,toulouse,autre
demenagement-cartons-toulouse,toulouse,autre
demenagement-cave-vin-nice,nice,autre
demenagement-centre-historique-rennes,rennes,autre
demenagement-centre-ville-rennes-autorisations,rennes,autre
demenagement-chambre-etudiant-lille,lille,autre
demenagement-chambre-etudiant-lyon,lyon,autre
demenagement-chambre-etudiant-marseille-solutions,marseille,autre
demenagement-chambre-etudiant-nice,nice,autre
demenagement-chambre-etudiante-montpellier,montpellier,autre
demenagement-chambre-universitaire-strasbourg,strasbourg,autre
demenagement-cle-en-main-montpellier-prix,montpellier,prix
demenagement-colocation-lille-chambre,lille,autre
demenagement-colocation-nantes,nantes,autre
demenagement-colocation-nice,nice,autre
demenagement-colocation-rennes,rennes,autre
demenagement-colocation-toulouse,toulouse,autre
demenagement-colocation-vers-logement-seul-nice,nice,autre
demenagement-commerce-boutique-nice,nice,autre
demenagement-commerce-strasbourg,strasbourg,autre
demenagement-contact-toulouse,toulouse,autre
demenagement-cote-azur-nice-cannes-antibes,nice,autre
demenagement-courte-distance-rennes,rennes,autre
demenagement-covid-sanitaire-nice,nice,autre
demenagement-d-entreprise-marseille,marseille,annuaire
demenagement-d-entreprise-rennes,rennes,annuaire
demenagement-d-entreprise-strasbourg,strasbourg,annuaire
demenagement-d-entreprise-toulouse,toulouse,annuaire
demenagement-debarras-toulouse,toulouse,autre
demenagement-depuis-autre-region-vers-nice,nice,autre
demenagement-derniere-minute-nantes,nantes,autre
demenagement-devis-toulouse,toulouse,autre
demenagement-dimanche-lille-surcout,lille,prix
demenagement-dimanche-marseille-surcout,marseille,prix
demenagement-dimanche-strasbourg,strasbourg,autre
demenagement-eco-responsable-rennes,rennes,autre
demenagement-ecologique-nice,nice,autre
demenagement-economique-marseille-10-astuces,marseille,autre
demenagement-economique-toulouse,toulouse,autre
demenagement-economique-vs-standard-nantes,nantes,autre
demenagement-emballage-toulouse,toulouse,autre
demenagement-en-couple-nice,nice,autre
demenagement-entraide-bordeaux,bordeaux,autre
demenagement-entre-amis-strasbourg,strasbourg,autre
demenagement-entrepot-montpellier,montpellier,autre
demenagement-entrepot-strasbourg,strasbourg,autre
demenagement-entreprise-bordeaux-guide,bordeaux,guide
demenagement-entreprise-lille-guide,lille,guide
demenagement-entreprise-lyon-guide-complet,lyon,guide
demenagement-entreprise-montpellier,montpellier,annuaire
demenagement-entreprise-nantes-guide,nantes,guide
demenagement-entreprise-nice-guide,nice,guide
demenagement-entreprise-rennes-prix,rennes,prix
demenagement-entreprise-rouen-guide-complet,rouen,guide
demenagement-entreprise-toulouse,toulouse,annuaire
demenagement-entreprise-urgence-bordeaux-continuite-activite,bordeaux,annuaire
demenagement-entreprise-weekend-nice,nice,annuaire
demenagement-equipe-toulouse,toulouse,autre
demenagement-equipement-bebe-nantes,nantes,autre
demenagement-escalier-toulouse,toulouse,autre
demenagement-etage-sans-ascenseur-rennes,rennes,autre
demenagement-etudiant-bordeaux-guide-complet,bordeaux,guide
demenagement-etudiant-lyon-pas-cher,lyon,autre
demenagement-etudiant-montpellier-solutions-economiques,montpellier,autre
demenagement-etudiant-nantes-astuces,nantes,autre
demenagement-etudiant-pas-cher,autre,autre
demenagement-etudiant-pas-cher-marseille,marseille,autre
demenagement-etudiant-pas-cher-montpellier,montpellier,autre
demenagement-etudiant-pas-cher-nantes,nantes,autre
demenagement-etudiant-pas-cher-nice,nice,autre
demenagement-etudiant-pas-cher-rennes,rennes,autre
demenagement-etudiant-petit-budget-montpellier,montpellier,autre
demenagement-etudiant-rouen-solutions,rouen,autre
demenagement-etudiant-toulouse,toulouse,autre
demenagement-europe-lille-belgique-allemagne,lille,autre
demenagement-europe-lyon,lyon,autre
demenagement-europe-montpellier,montpellier,autre
demenagement-express-24h-toulouse,toulouse,autre
demenagement-express-critique-toulouse,toulouse,autre
demenagement-express-marseille-urgence-24-48h,marseille,autre
demenagement-express-nuit-toulouse,toulouse,autre
demenagement-express-rapide-nice,nice,autre
demenagement-express-soir-toulouse,toulouse,autre
demenagement-express-toulouse,toulouse,autre
demenagement-express-urgent-toulouse,toulouse,autre
demenagement-express-weekend-toulouse,toulouse,autre
demenagement-f1-t1-montpellier,montpellier,autre
demenagement-famille-rennes,rennes,autre
demenagement-flash-toulouse,toulouse,autre
demenagement-forfait-horaire-lille,lille,autre
demenagement-formalites-douane-nice,nice,autre
demenagement-formule-economique-montpellier,montpellier,autre
demenagement-formule-economique-nice,nice,autre
demenagement-france-angleterre-toulouse,toulouse,autre
demenagement-francisco-ferrer-poterie-rennes,rennes,autre
demenagement-funiculaire-toulouse,toulouse,autre
demenagement-garantie-toulouse,toulouse,autre
demenagement-groupe-lyon-economies,lyon,autre
demenagement-groupe-montpellier-prix,montpellier,prix
demenagement-groupe-nice,nice,autre
demenagement-handicap-accessibilite-lille,lille,autre
demenagement-handicap-pmr-nice,nice,autre
demenagement-helicoptere-toulouse,toulouse,autre
demenagement-hiver-rennes,rennes,autre
demenagement-hors-saison-nice,nice,autre
demenagement-imm%c3%a9diat-24h-toulouse,toulouse,autre
demenagement-imm%c3%a9diat-toulouse,toulouse,autre
demenagement-industrie-machines-lille,lille,autre
demenagement-informatique-entreprise-bordeaux,bordeaux,annuaire
demenagement-instantan%c3%a9-24h-toulouse,toulouse,autre
demenagement-instantan%c3%a9-toulouse,toulouse,autre
demenagement-institutions-europeennes-strasbourg,strasbourg,autre
demenagement-instrument-musique-fragile-nice,nice,autre
demenagement-instruments-musique-strasbourg,strasbourg,autre
demenagement-international-bordeaux-guide,bordeaux,guide
demenagement-international-canada-depuis-bordeaux,bordeaux,autre
demenagement-international-espagne-depuis-bordeaux,bordeaux,autre
demenagement-international-lille-guide,lille,guide
demenagement-international-lyon-guide-complet,lyon,guide
demenagement-international-marseille,marseille,autre
demenagement-international-montpellier,montpellier,autre
demenagement-international-nantes-guide,nantes,guide
demenagement-international-nice-guide,nice,guide
demenagement-international-nice-italie,nice,autre
demenagement-international-nice-monaco,nice,autre
demenagement-international-nice-suisse,nice,autre
demenagement-international-rennes,rennes,autre
demenagement-international-rouen-guide-complet,rouen,guide
demenagement-international-strasbourg,strasbourg,autre
demenagement-international-strasbourg-prix-2025,strasbourg,prix
demenagement-international-toulouse,toulouse,autre
demenagement-investisseur-locatif-nice,nice,autre
demenagement-lille-londres-post-brexit,lille,autre
demenagement-lille-usa-formalites,lille,autre
demenagement-local-commercial-nice,nice,autre
demenagement-locaux-commerciaux-lille,lille,autre
demenagement-locaux-commerciaux-nice,nice,autre
demenagement-longue-distance-bordeaux-guide,bordeaux,guide
demenagement-longue-distance-depuis-nice,nice,autre
demenagement-longue-distance-rennes,rennes,autre
demenagement-longue-distance-rouen,rouen,autre
demenagement-lyon-italie,lyon,autre
demenagement-lyon-pas-cher-guide-complet,lyon,guide
demenagement-lyon-suisse,lyon,autre
demenagement-m3-calcul-tarif-lille,lille,prix
demenagement-maison-nice-prix,nice,prix
demenagement-maison-rennes,rennes,autre
demenagement-maritime-aerien-montpellier-comparatif,montpellier,autre
demenagement-marseille-pas-cher,marseille,autre
demenagement-materiel-toulouse,toulouse,autre
demenagement-metro-toulouse,toulouse,autre
demenagement-meuble-marseille-que-transporter,marseille,autre
demenagement-meuble-seul-nantes,nantes,autre
demenagement-meuble-unique-montpellier,montpellier,autre
demenagement-moto-toulouse,toulouse,autre
demenagement-nantes-asie,nantes,autre
demenagement-nantes-uk-post-brexit,nantes,autre
demenagement-nantes-usa-canada,nantes,autre
demenagement-nettoyage-toulouse,toulouse,autre
demenagement-objets-fragiles-nice,nice,autre
demenagement-objets-lourds-nantes,nantes,autre
demenagement-oeuvres-art-collection-nice,nice,autre
demenagement-outre-mer-montpellier-dom-tom,montpellier,autre
demenagement-participatif-strasbourg,strasbourg,autre
demenagement-partiel-quelques-objets-lille,lille,autre
demenagement-pas-cher-bordeaux-guide,bordeaux,guide
demenagement-pas-cher-comparatif-bordeaux,bordeaux,autre
demenagement-pas-cher-erreurs-bordeaux,bordeaux,autre
demenagement-pas-cher-etudiant-bordeaux,bordeaux,autre
demenagement-pas-cher-lille-guide,lille,guide
demenagement-pas-cher-lille-top-10-astuces,lille,autre
demenagement-pas-cher-montpellier,montpellier,autre
demenagement-pas-cher-nantes-guide,nantes,guide
demenagement-pas-cher-nice-guide,nice,guide
demenagement-pas-cher-rennes,rennes,autre
demenagement-pas-cher-toulouse,toulouse,autre
demenagement-pas-cher-week-end-bordeaux,bordeaux,autre
demenagement-personnes-agees-nice,nice,autre
demenagement-personnes-mobilite-reduite-nice,nice,autre
demenagement-petit-budget-nice,nice,autre
demenagement-petit-volume-lyon-guide-complet,lyon,guide
demenagement-petit-volume-strasbourg,strasbourg,autre
demenagement-petites-distances-nantes,nantes,autre
demenagement-plantes-jardin-nice,nice,autre
demenagement-prix-toulouse,toulouse,prix
demenagement-quelques-meubles-strasbourg,strasbourg,autre
demenagement-rapide-toulouse,toulouse,autre
demenagement-remonte-pente-toulouse,toulouse,autre
demenagement-rennes-canada-usa,rennes,autre
demenagement-rennes-europe,rennes,autre
demenagement-rennes-uk-angleterre,rennes,autre
demenagement-retraites-seniors-nice,nice,autre
demenagement-salle-serveurs-datacenter-lille,lille,autre
demenagement-sans-carton-nantes,nantes,autre
demenagement-sans-interruption-activite-nice,nice,autre
demenagement-satisfaction-toulouse,toulouse,autre
demenagement-semaine-vs-weekend-nantes,nantes,autre
demenagement-senior-adapte-lyon,lyon,autre
demenagement-senior-downsizing-lille,lille,autre
demenagement-seniors-rennes,rennes,autre
demenagement-serveurs-informatiques-entreprise,autre,annuaire
demenagement-solidaire-montpellier,montpellier,autre
demenagement-sophia-antipolis-nice,nice,autre
demenagement-start-up-nice,nice,autre
demenagement-strasbourg-allemagne,strasbourg,autre
demenagement-strasbourg-belgique,strasbourg,autre
demenagement-strasbourg-luxembourg,strasbourg,autre
demenagement-strasbourg-paris,strasbourg,autre
demenagement-strasbourg-pas-cher,strasbourg,autre
demenagement-strasbourg-suisse,strasbourg,autre
demenagement-studio-montpellier,montpellier,autre
demenagement-studio-nantes-prix,nantes,prix
demenagement-studio-nice-prix,nice,prix
demenagement-studio-toulouse,toulouse,autre
demenagement-t1-nantes-prix,nantes,prix
demenagement-telepherique-toulouse,toulouse,autre
demenagement-telesiege-toulouse,toulouse,autre
demenagement-teleski-toulouse,toulouse,autre
demenagement-thabor-rennes-difficultes,rennes,autre
demenagement-toulouse-usa,toulouse,autre
demenagement-tpe-pme-montpellier,montpellier,autre
demenagement-train-toulouse,toulouse,autre
demenagement-tram-toulouse,toulouse,autre
demenagement-transfrontalier-nice-italie,nice,autre
demenagement-trolley-toulouse,toulouse,autre
demenagement-ultra-rapide-24h-toulouse,toulouse,autre
demenagement-ultra-rapide-toulouse,toulouse,autre
demenagement-une-piece-nice,nice,autre
demenagement-urgence-lille-express,lille,autre
demenagement-urgence-rapide-nice,nice,autre
demenagement-urgence-toulouse,toulouse,autre
demenagement-urgent-24h-toulouse,toulouse,autre
demenagement-urgent-bordeaux-guide,bordeaux,guide
demenagement-urgent-erreurs-bordeaux,bordeaux,autre
demenagement-urgent-prix-bordeaux,bordeaux,prix
demenagement-urgent-rennes-express,rennes,autre
demenagement-urgent-toulouse,toulouse,autre
demenagement-velo-moto-nice,nice,autre
demenagement-velo-toulouse,toulouse,autre
demenagement-vern-sur-seiche,autre,autre
demenagement-voiture-toulouse,toulouse,autre
demenagement-week-end-entreprise-lyon,lyon,annuaire
demenagement-weekend-entreprise-strasbourg,strasbourg,annuaire
demenagement-weekend-jours-feries-nice,nice,autre
demenagement-weekend-rennes-prix,rennes,prix
demenagement-weekend-toulouse,toulouse,autre
demenagement-weekend-vs-semaine-nice,nice,autre
demenager-48h-bordeaux-realites-solutions,bordeaux,autre
demenager-au-canada-depuis-toulouse,toulouse,autre
demenager-pas-cher-bordeaux-astuces,bordeaux,autre
demenager-seul-etudiant,autre,autre
demenager-seul-nice-guide,nice,guide
demenager-soi-meme-demenagement-pas-cher-toulouse,toulouse,autre
demenager-soi-meme-marseille-budget-diy,marseille,autre
demenager-soi-meme-rennes-guide,rennes,guide
demenageur-agree-certifie-lyon,lyon,annuaire
demenageur-agree-montpellier-assurance,montpellier,annuaire
demenageur-centre-historique-marseille-specialistes,marseille,annuaire
demenageur-centre-historique-rouen,rouen,annuaire
demenageur-cesson-sevigne,autre,annuaire
demenageur-cleunay-rennes,rennes,annuaire
demenageur-dimanche-lyon,lyon,annuaire
demenageur-dimanche-soir-nice,nice,annuaire
demenageur-grande-ile-strasbourg,strasbourg,annuaire
demenageur-le-rheu-rennes,rennes,annuaire
demenageur-lille-expert,lille,annuaire
demenageur-low-cost-lille-risques-eviter,lille,annuaire
demenageur-lyon-3eme-arrondissement,lyon,annuaire
demenageur-lyon-guide-complet,lyon,guide
demenageur-marseille,marseille,annuaire
demenageur-maurepas-rennes,rennes,annuaire
demenageur-monte-meuble-lille-quand-necessaire,lille,annuaire
demenageur-monte-meuble-nice,nice,annuaire
demenageur-monte-meuble-strasbourg,strasbourg,annuaire
demenageur-montpellier,montpellier,annuaire
demenageur-nantes-guide-complet,nantes,guide
demenageur-nice-guide-complet,nice,guide
demenageur-pas-cher-fiable-montpellier,montpellier,annuaire
demenageur-pas-cher-lyon,lyon,annuaire
demenageur-pas-cher-rouen-economique,rouen,annuaire
demenageur-petit-volume-rennes,rennes,annuaire
demenageur-professionnel-rennes,rennes,annuaire
demenageur-professionnel-toulouse,toulouse,annuaire
demenageur-rennes,rennes,annuaire
demenageur-rennes-prix,rennes,prix
demenageur-rouen-guide-complet,rouen,guide
demenageur-rouen-pas-cher-guide,rouen,guide
demenageur-saint-gregoire-rennes,rennes,annuaire
demenageur-specialiste-petit-volume-marseille,marseille,annuaire
demenageur-strasbourg,strasbourg,annuaire
demenageur-toulouse,toulouse,annuaire
demenageur-vieux-lille-acces-difficiles,lille,annuaire
demenageur-vieux-nice-acces-difficile,nice,annuaire
demenageur-villejean-rennes,rennes,annuaire
demenageur-weekend-montpellier-disponibilite,montpellier,annuaire
demenageurs-internationaux-lille-specialistes,lille,annuaire
desencombrement-avant-demenagement-economie,autre,autre
devis-demenagement-bordeaux-guide,bordeaux,guide
devis-demenagement-gratuit-lyon,lyon,autre
devis-demenagement-ligne-rennes,rennes,autre
devis-demenagement-lille-obtenir-comparer,lille,autre
devis-demenagement-marseille-comparer-eviter-pieges,marseille,autre
devis-demenagement-montpellier-comparer,montpellier,autre
devis-demenagement-nice-gratuit,nice,autre
devis-demenagement-rennes-gratuit,rennes,autre
devis-estimation-demenagement-lyon,lyon,autre
devis-gratuit-demenagement-bordeaux,bordeaux,autre
devis-gratuit-demenagement-montpellier,montpellier,autre
devis-urgent-demenagement-bordeaux,bordeaux,autre
diy-demenagement-lille-budget-mini,lille,autre
diy-vs-pro-petit-volume-lyon,lyon,autre
documents-demenagement-international-lyon,lyon,autre
douane-demenagement-international-toulouse,toulouse,autre
economiser-prix-demenagement-lille-astuces,lille,prix
economiser-prix-demenagement-lyon,lyon,prix
emballage-demenagement-international-bordeaux,bordeaux,autre
emballage-diy-demenagement-nantes,nantes,autre
embaucher-manutentionnaire-freelance-lyon,lyon,autre
entraide-demenagement-pas-cher-toulouse,toulouse,autre
entraide-demenagement-rennes-plateformes,rennes,autre
erreurs-demenagement-entreprise-bordeaux,bordeaux,annuaire
erreurs-demenagement-etudiant,autre,autre
erreurs-demenagement-international-bordeaux,bordeaux,autre
erreurs-devis-demenagement-bordeaux,bordeaux,autre
erreurs-estimation-prix-demenagement-bordeaux,bordeaux,prix
erreurs-longue-distance-demenagement-bordeaux,bordeaux,autre
estimation-budget-demenagement-montpellier-complet,montpellier,autre
estimation-prix-demenagement-bordeaux,bordeaux,prix
estimation-prix-demenagement-bordeaux-methode-simple,bordeaux,prix
etudiant-aide-demenagement-job-montpellier,montpellier,autre
etudiants-aide-demenagement-nantes,nantes,autre
etudiants-aide-demenagement-strasbourg,strasbourg,autre
etudiants-demenagement-urgence-bordeaux,bordeaux,autre
eurodem-35-rennes-cesson,rennes,autre
europcar-montpellier-location-demenagement,montpellier,autre
eviter-surcouts-demenagement-montpellier,montpellier,prix
facteurs-prix-demenagement-lille,lille,prix
facteurs-prix-demenagement-lyon,lyon,prix
facteurs-prix-demenagement-montpellier,montpellier,prix
facteurs-prix-demenagement-nice,nice,prix
facteurs-prix-demenagement-rennes,rennes,prix
faq-aide-demenagement-lyon,lyon,autre
faq-aide-demenagement-strasbourg,strasbourg,autre
faq-demenagement-economique-lyon,lyon,autre
faq-demenagement-entreprise-lyon,lyon,annuaire
faq-demenagement-entreprise-strasbourg,strasbourg,annuaire
faq-demenagement-international-lyon,lyon,autre
faq-demenagement-international-strasbourg,strasbourg,autre
faq-demenageur-lyon,lyon,annuaire
faq-demenageur-strasbourg,strasbourg,annuaire
faq-petit-volume-lyon,lyon,autre
faq-petit-volume-strasbourg,strasbourg,autre
faq-prix-demenagement-lyon,lyon,prix
formalites-administratives-demenagement-entreprise-lille,lille,annuaire
formalites-demenagement-international-toulouse,toulouse,autre
formalites-douane-demenagement-international-rennes,rennes,autre
formalites-douanes-demenagement-international,autre,autre
formalites-douanes-demenagement-international-nantes,nantes,autre
formalites-douanieres-demenagement-international,autre,autre
formalites-douanieres-demenagement-international-bordeaux,bordeaux,autre
formalites-douanieres-international-lyon,lyon,autre
formule-economique-cle-en-main-lille,lille,autre
formule-economique-cle-en-main-strasbourg,strasbourg,autre
formule-economique-demenagement-marseille-economiser,marseille,autre
formule-economique-demenageur-rennes,rennes,annuaire
formule-economique-petit-volume-lyon,lyon,autre
formule-economique-vs-cle-en-main-marseille,marseille,autre
formule-economique-vs-cle-en-main-nice,nice,autre
formule-economique-vs-standard-demenagement,autre,autre
formule-economique-vs-standard-lyon,lyon,autre
formules-demenagement-rouen-comparatif,rouen,autre
frais-caches-demenagement-bordeaux,bordeaux,autre
groupage-demenagement-bordeaux-economies,bordeaux,autre
groupage-demenagement-lille-partage-couts,lille,prix
groupage-international-demenagement-nantes,nantes,autre
leclerc-location-marseille-meilleurs-prix,marseille,prix
liste-complete-50-satellites-generes,autre,autre
livraison-meuble-occasion-lille-leboncoin,lille,autre
location-kangoo-demenagement-marseille,marseille,autre
location-kangoo-strasbourg-demenagement,strasbourg,autre
louer-camion-20m3-strasbourg,strasbourg,autre
louer-main-oeuvre-demenagement-montpellier,montpellier,autre
main-oeuvre-demenagement-location-lille,lille,autre
manutention-escaliers-specifique-lyon,lyon,autre
manutentionnaire-demenagement-lyon,lyon,autre
materiel-demenagement-pas-cher-location-lille,lille,autre
meilleur-demenageur-marseille-comparatif-2025,marseille,annuaire
meilleur-demenageur-montpellier-criteres,montpellier,annuaire
meilleur-demenageur-pas-cher-marseille,marseille,annuaire
meilleur-demenageur-rennes-2025,rennes,annuaire
meilleure-periode-demenager-lyon,lyon,autre
meilleure-periode-demenager-pas-cher-montpellier,montpellier,autre
meilleurs-demenageurs-lyon,lyon,annuaire
meilleurs-demenageurs-rouen-avis-2025,rouen,annuaire
menage-fin-bail-demenagement-nice,nice,autre
monte-meuble-demenagement-montpellier-ecusson,montpellier,autre
monte-meuble-demenagement-nantes,nantes,autre
monte-meuble-demenagement-rouen-prix,rouen,prix
monte-meuble-marseille-quand-necessaire,marseille,autre
negocier-prix-demenageur-rennes,rennes,prix
normes-securite-demenagement-professionnel,autre,autre
obtenir-devis-demenagement-bordeaux-process-eclair,bordeaux,autre
optimiser-le-volume-demenagement-pas-cher-toulouse,toulouse,autre
optimiser-volume-demenagement-bordeaux,bordeaux,autre
optimiser-volume-demenagement-economiser-rennes,rennes,autre
organiser-demenagement-urgent-bordeaux-sans-stress,bordeaux,autre
ou-louer-camion-demenagement-marseille-agences,marseille,autre
outils-utiles-petit-demenagement-nantes,nantes,autre
periode-pas-chere-demenagement-nice,nice,autre
permis-b-camion-demenagement-limites,autre,autre
permis-b-camion-demenagement-marseille,marseille,autre
permis-camion-demenagement-rennes,rennes,autre
petit-demenagement-auto-rennes,rennes,autre
petit-demenagement-diy-montpellier,montpellier,autre
petit-demenagement-express-lyon,lyon,autre
petit-demenagement-lille-guide,lille,guide
petit-demenagement-lille-studio-t1,lille,autre
petit-demenagement-marseille,marseille,autre
petit-demenagement-montpellier,montpellier,autre
petit-demenagement-nantes-guide,nantes,guide
petit-demenagement-nice-guide,nice,guide
petit-demenagement-nice-solutions,nice,autre
petit-demenagement-rapide-montpellier,montpellier,autre
petit-demenagement-rennes,rennes,autre
petit-demenagement-rouen-guide-complet,rouen,guide
petit-demenagement-strasbourg-prix-2025,strasbourg,prix
petit-demenagement-toulouse,toulouse,autre
petit-volume-grande-ile-strasbourg,strasbourg,autre
pilier-03-demenagement-pas-cher-10-satellites,autre,autre
pilier-09-prix-demenagement-10-satellites,autre,prix
planification-demenagement-bureaux-lyon,lyon,autre
planifier-demenagement-entreprise-bordeaux,bordeaux,annuaire
planning-demenagement-entreprise-preparation,autre,annuaire
planning-demenagement-entreprise-strasbourg,strasbourg,annuaire
plateformes-aide-demenagement-nantes,nantes,autre
plateformes-aide-demenagement-strasbourg,strasbourg,autre
plateformes-entraide-demenagement-montpellier,montpellier,autre
portage-cartons-escaliers-lille,lille,autre
porteurs-demenagement-toulouse,toulouse,autre
porteurs-heure-demenagement-lille,lille,autre
porteurs-pro-vs-amis-demenagement,autre,autre
pourboire-demenageurs-lille-usages,lille,annuaire
pourboire-demenageurs-marseille-usages,marseille,annuaire
pourboire-demenageurs-strasbourg,strasbourg,annuaire
preparer-aide-amis-demenagement,autre,autre
preparer-enfants-animaux-demenagement-longue-distance,autre,autre
prix-moyen-demenagement-bordeaux-2025,bordeaux,prix
prix-petit-demenagement-bordeaux,bordeaux,prix
prix-petit-demenagement-lyon,lyon,prix
prix-petit-demenagement-marseille-studio-f1,marseille,prix
prix-petit-demenagement-montpellier,montpellier,prix
prix-petit-demenagement-rennes,rennes,prix
quel-volume-camion-t2-t3-lille,lille,autre
quelle-taille-box-garde-meuble-montpellier,montpellier,autre
quelle-taille-box-garde-meuble-rennes,rennes,autre
quelle-taille-box-stockage-nice,nice,autre
quelle-taille-box-t2-t3-lille,lille,autre
quelle-taille-camion-louer-montpellier-demenagement,montpellier,autre
rapport-final-production-montpellier,montpellier,autre
reduction-impots-demenagement-nice,nice,autre
reduire-volume-demenagement-marseille-desencombrer,marseille,autre
resilier-contrats-demenagement-nice,nice,autre
responsabilite-aide-non-professionnelle-demenagement,autre,autre
restituer-camion-plein-essence-strasbourg,strasbourg,autre
restitution-camion-rennes-horaires,rennes,autre
securite-garde-meuble-lyon,lyon,autre
self-stockage-acces-24-7-rouen,rouen,autre
self-stockage-bordeaux-mode-emploi-prix,bordeaux,prix
self-stockage-toulouse,toulouse,autre
self-stockage-vs-garde-meuble-lille,lille,autre
self-stockage-vs-garde-meuble-montpellier,montpellier,autre
self-stockage-vs-garde-meuble-strasbourg,strasbourg,autre
self-stockage-vs-garde-meuble-traditionnel-lyon,lyon,autre
self-stockage-vs-garde-meuble-traditionnel-marseille,marseille,autre
self-stockage-vs-garde-meuble-traditionnel-nice,nice,autre
self-stockage-vs-garde-meuble-traditionnel-rennes,rennes,autre
self-stockage-vs-garde-meuble-traditionnel-rouen,rouen,autre
seniors-aide-demenagement-strasbourg,strasbourg,autre
services-complementaires-demenagement-lille,lille,autre
shurgard-lyon-sites-tarifs,lyon,prix
solutions-garde-meuble-entreprises-bordeaux,bordeaux,annuaire
stockage-etudiant-bordeaux,bordeaux,autre
stockage-longue-duree-bordeaux-prix-precautions,bordeaux,prix
stockage-pendant-demenagement-lille-duree,lille,autre
stockage-pendant-demenagement-lyon,lyon,autre
stockage-pendant-demenagement-marseille-duree,marseille,autre
stockage-pendant-demenagement-montpellier,montpellier,autre
stockage-pendant-demenagement-rouen-duree,rouen,autre
stockage-pendant-demenagement-strasbourg,strasbourg,autre
stockage-temporaire-demenagement-international,autre,autre
stockage-temporaire-demenagement-rennes,rennes,autre
studio-15m2-demenagement-strasbourg,strasbourg,autre
surcout-demenagement-centre-marseille-combien,marseille,prix
surcout-demenagement-montpellier-ecusson-aout,montpellier,prix
surcouts-caches-demenagement-lille,lille,prix
t1-demenagement-strasbourg-budget,strasbourg,autre
taille-box-choisir-lyon,lyon,autre
taille-box-garde-meuble-strasbourg,strasbourg,autre
taille-box-stockage-demenagement-marseille,marseille,autre
taille-box-stockage-rouen,rouen,autre
taille-camion-selon-logement-nice,nice,autre
tarif-demenagement-studio-montpellier-2025,montpellier,prix
tarif-demenagement-t3-marseille-budget-realiste,marseille,prix
tarif-horaire-demenageur-rennes,rennes,prix
tarif-horaire-porteur-demenagement-nantes,nantes,prix
tarifs-box-stockage-rennes-taille-duree,rennes,prix
tarifs-demenageur-lyon,lyon,prix
tarifs-demenageur-toulouse,toulouse,prix
tarifs-petit-demenagement-volume-lille,lille,prix
transfert-bureaux-bordeaux,bordeaux,autre
transfert-informatique-entreprise-lyon,lyon,annuaire
transfert-it-bureaux-strasbourg,strasbourg,autre
transfert-materiel-informatique-entreprise-lille,lille,annuaire
transparence-prix-demenagement-lyon,lyon,prix
transport-cartons-uniquement-lyon,lyon,autre
transport-conteneur-demenagement-international,autre,autre
transport-maritime-container-lyon,lyon,autre
transport-maritime-vs-aerien-demenagement-nantes,nantes,autre
transport-meuble-international-toulouse,toulouse,autre
transport-meubles-lille-sans-demenageur,lille,annuaire
transport-piano-longue-distance-nantes,nantes,autre
transport-quelques-meubles-lyon,lyon,autre
trouver-aide-demenagement-dernier-moment-nantes,nantes,autre
trouver-aide-derniere-minute-demenagement-montpellier,montpellier,autre
urgence-week-end-bordeaux-disponibilites-couts,bordeaux,prix
vehicule-demenagement-international-nantes,nantes,autre
vendre-meubles-avant-demenagement-nice,nice,autre
volume-camion-12m3-20m3-35m3-rennes,rennes,autre
zones-affaires-lyon-demenagement,lyon,autre